"shot_id","shot_made_flag"
1,"0"
8,"0"
17,"1"
20,"1"
33,"0"
34,"0"
35,"0"
36,"0"
37,"1"
38,"0"
45,"1"
50,"0"
55,"0"
60,"0"
66,"1"
67,"1"
71,"1"
80,"0"
85,"1"
86,"0"
95,"0"
104,"1"
113,"0"
123,"0"
126,"0"
133,"1"
141,"0"
144,"1"
150,"0"
152,"1"
153,"0"
156,"0"
159,"1"
165,"1"
172,"0"
182,"1"
192,"0"
193,"1"
196,"1"
202,"1"
210,"0"
211,"0"
228,"0"
257,"1"
260,"0"
264,"1"
267,"0"
279,"1"
282,"0"
293,"0"
299,"0"
300,"0"
301,"1"
317,"1"
327,"1"
328,"0"
335,"1"
346,"0"
348,"0"
365,"0"
390,"0"
391,"1"
392,"0"
397,"0"
418,"0"
428,"0"
434,"0"
439,"1"
440,"1"
456,"1"
459,"1"
472,"1"
480,"0"
491,"0"
497,"1"
509,"0"
511,"0"
523,"0"
533,"1"
544,"1"
546,"1"
555,"1"
558,"0"
560,"1"
573,"0"
591,"0"
596,"1"
597,"1"
601,"1"
605,"1"
617,"1"
628,"0"
634,"0"
646,"1"
649,"0"
651,"1"
654,"1"
656,"1"
657,"0"
669,"0"
670,"1"
693,"1"
694,"1"
699,"1"
711,"0"
718,"0"
722,"0"
723,"0"
725,"1"
734,"0"
735,"0"
737,"0"
746,"0"
747,"0"
766,"0"
767,"1"
771,"0"
773,"0"
774,"0"
783,"1"
784,"0"
789,"1"
792,"0"
804,"0"
809,"0"
812,"0"
813,"0"
817,"0"
820,"0"
825,"0"
826,"0"
829,"1"
855,"0"
859,"0"
862,"0"
870,"0"
876,"0"
880,"0"
886,"1"
889,"1"
891,"1"
897,"1"
902,"0"
903,"0"
908,"0"
909,"0"
920,"1"
922,"0"
924,"0"
932,"0"
934,"0"
937,"0"
941,"0"
943,"1"
950,"0"
952,"0"
954,"1"
963,"1"
975,"0"
979,"0"
981,"1"
983,"0"
985,"1"
989,"1"
995,"1"
998,"1"
1008,"1"
1019,"1"
1023,"0"
1026,"0"
1029,"0"
1034,"1"
1036,"0"
1038,"0"
1039,"0"
1051,"1"
1052,"0"
1066,"0"
1087,"0"
1092,"0"
1094,"0"
1098,"0"
1099,"1"
1102,"0"
1118,"1"
1131,"0"
1133,"1"
1135,"1"
1138,"1"
1139,"1"
1142,"0"
1151,"0"
1152,"0"
1155,"0"
1165,"0"
1167,"0"
1172,"0"
1174,"1"
1180,"1"
1200,"1"
1202,"1"
1227,"0"
1228,"1"
1229,"0"
1237,"0"
1241,"1"
1256,"0"
1279,"1"
1293,"0"
1295,"1"
1319,"1"
1320,"0"
1321,"0"
1322,"0"
1334,"0"
1351,"1"
1373,"0"
1375,"0"
1380,"1"
1382,"0"
1385,"1"
1399,"0"
1403,"1"
1428,"1"
1434,"1"
1444,"0"
1448,"0"
1466,"0"
1476,"0"
1478,"0"
1485,"0"
1491,"1"
1494,"1"
1500,"0"
1501,"0"
1503,"0"
1519,"1"
1524,"0"
1529,"0"
1533,"1"
1538,"1"
1539,"0"
1546,"1"
1555,"0"
1559,"1"
1563,"0"
1565,"1"
1574,"0"
1591,"0"
1594,"1"
1605,"1"
1611,"0"
1614,"0"
1620,"0"
1626,"0"
1630,"0"
1632,"0"
1634,"0"
1643,"0"
1651,"0"
1655,"0"
1658,"1"
1659,"1"
1665,"0"
1675,"0"
1680,"1"
1690,"0"
1696,"0"
1714,"1"
1721,"0"
1726,"1"
1728,"1"
1734,"0"
1735,"0"
1740,"1"
1744,"1"
1747,"0"
1752,"0"
1763,"1"
1765,"1"
1769,"0"
1785,"0"
1787,"0"
1788,"1"
1793,"0"
1800,"0"
1825,"0"
1826,"1"
1834,"0"
1843,"0"
1844,"0"
1848,"1"
1849,"1"
1860,"1"
1863,"1"
1875,"0"
1883,"0"
1890,"1"
1892,"0"
1893,"0"
1897,"0"
1905,"0"
1908,"0"
1931,"1"
1940,"1"
1943,"0"
1947,"1"
1965,"1"
1967,"1"
1968,"1"
1972,"1"
1982,"0"
1985,"0"
2005,"1"
2010,"0"
2021,"0"
2024,"1"
2036,"1"
2043,"0"
2047,"0"
2049,"0"
2055,"1"
2065,"0"
2066,"1"
2070,"0"
2077,"0"
2085,"1"
2095,"1"
2097,"1"
2108,"1"
2112,"0"
2113,"0"
2122,"0"
2139,"0"
2144,"1"
2146,"0"
2148,"0"
2149,"1"
2157,"0"
2159,"0"
2168,"0"
2176,"0"
2178,"1"
2181,"1"
2187,"0"
2188,"0"
2190,"0"
2194,"1"
2197,"1"
2214,"0"
2217,"0"
2222,"1"
2223,"0"
2226,"1"
2230,"1"
2240,"0"
2247,"0"
2250,"1"
2259,"0"
2262,"1"
2266,"0"
2305,"1"
2310,"1"
2313,"1"
2319,"0"
2320,"0"
2345,"0"
2350,"1"
2356,"0"
2360,"1"
2370,"0"
2386,"0"
2398,"0"
2414,"0"
2435,"0"
2439,"1"
2446,"0"
2458,"0"
2465,"1"
2466,"1"
2470,"0"
2495,"0"
2501,"0"
2507,"0"
2533,"0"
2537,"0"
2538,"1"
2541,"0"
2542,"0"
2544,"1"
2554,"0"
2555,"0"
2565,"1"
2575,"1"
2586,"1"
2588,"0"
2594,"1"
2617,"1"
2618,"0"
2623,"0"
2631,"1"
2640,"0"
2642,"1"
2647,"1"
2663,"1"
2664,"0"
2676,"0"
2680,"0"
2681,"0"
2691,"0"
2693,"0"
2695,"1"
2704,"0"
2708,"1"
2709,"0"
2717,"1"
2722,"1"
2728,"0"
2732,"0"
2743,"0"
2752,"1"
2757,"1"
2761,"0"
2769,"1"
2771,"0"
2774,"1"
2776,"0"
2781,"0"
2793,"1"
2799,"1"
2803,"0"
2811,"0"
2818,"0"
2824,"1"
2828,"0"
2829,"0"
2830,"1"
2842,"0"
2847,"1"
2848,"0"
2868,"0"
2870,"1"
2885,"0"
2886,"0"
2889,"1"
2903,"1"
2904,"1"
2918,"0"
2919,"1"
2922,"0"
2923,"1"
2931,"0"
2945,"0"
2955,"0"
2957,"1"
2960,"0"
2963,"0"
2966,"0"
2972,"0"
2974,"0"
2982,"1"
2984,"0"
3016,"1"
3021,"0"
3023,"1"
3025,"1"
3029,"1"
3034,"0"
3038,"1"
3040,"0"
3051,"1"
3062,"0"
3069,"0"
3071,"0"
3076,"1"
3079,"0"
3081,"0"
3082,"0"
3084,"1"
3098,"0"
3104,"0"
3105,"0"
3114,"1"
3118,"0"
3122,"1"
3132,"1"
3138,"1"
3141,"1"
3156,"0"
3162,"0"
3167,"0"
3170,"1"
3171,"1"
3172,"0"
3176,"0"
3180,"0"
3189,"0"
3198,"1"
3206,"1"
3215,"1"
3222,"1"
3228,"0"
3229,"0"
3232,"0"
3233,"0"
3238,"0"
3256,"1"
3264,"0"
3273,"0"
3275,"0"
3285,"1"
3289,"1"
3294,"0"
3306,"0"
3311,"1"
3318,"1"
3322,"0"
3324,"0"
3334,"1"
3341,"1"
3345,"0"
3346,"1"
3352,"1"
3368,"0"
3371,"0"
3372,"1"
3375,"0"
3384,"0"
3387,"0"
3393,"1"
3406,"0"
3411,"0"
3412,"0"
3414,"0"
3417,"1"
3420,"1"
3423,"1"
3436,"0"
3438,"1"
3442,"0"
3443,"1"
3451,"1"
3461,"1"
3489,"1"
3491,"0"
3510,"0"
3515,"0"
3527,"0"
3530,"0"
3540,"0"
3582,"0"
3604,"1"
3605,"0"
3609,"0"
3624,"0"
3628,"1"
3630,"0"
3641,"0"
3642,"0"
3648,"0"
3650,"1"
3652,"1"
3660,"0"
3664,"0"
3670,"0"
3672,"0"
3680,"1"
3682,"0"
3685,"1"
3686,"0"
3689,"0"
3705,"1"
3712,"0"
3713,"0"
3719,"0"
3721,"0"
3723,"0"
3724,"1"
3727,"0"
3733,"1"
3734,"0"
3742,"1"
3770,"0"
3777,"0"
3778,"0"
3780,"0"
3783,"0"
3784,"1"
3788,"0"
3790,"0"
3794,"0"
3795,"0"
3796,"0"
3801,"1"
3806,"0"
3813,"0"
3814,"0"
3818,"0"
3824,"0"
3836,"1"
3853,"0"
3855,"1"
3858,"1"
3861,"0"
3866,"0"
3870,"0"
3874,"0"
3876,"0"
3878,"0"
3890,"0"
3900,"0"
3904,"1"
3906,"0"
3907,"0"
3908,"1"
3912,"1"
3918,"1"
3923,"1"
3924,"1"
3925,"1"
3927,"0"
3955,"1"
3964,"1"
3969,"1"
3974,"1"
3976,"0"
3984,"1"
3991,"0"
3993,"1"
4009,"0"
4011,"0"
4020,"0"
4033,"0"
4041,"0"
4045,"0"
4052,"1"
4055,"1"
4056,"0"
4057,"0"
4067,"1"
4069,"1"
4077,"0"
4094,"0"
4095,"0"
4100,"1"
4119,"1"
4130,"0"
4131,"0"
4132,"1"
4134,"1"
4137,"1"
4138,"0"
4143,"0"
4145,"0"
4148,"1"
4163,"0"
4166,"0"
4169,"0"
4170,"0"
4174,"0"
4180,"1"
4199,"1"
4201,"0"
4203,"0"
4210,"0"
4211,"1"
4213,"0"
4225,"0"
4235,"0"
4242,"1"
4245,"0"
4250,"0"
4252,"1"
4254,"1"
4263,"1"
4264,"1"
4268,"0"
4270,"0"
4282,"1"
4283,"0"
4291,"1"
4304,"0"
4306,"1"
4309,"0"
4310,"0"
4313,"1"
4314,"0"
4315,"0"
4321,"0"
4324,"1"
4325,"0"
4328,"0"
4329,"0"
4332,"1"
4337,"0"
4342,"0"
4344,"1"
4352,"0"
4355,"0"
4366,"0"
4371,"0"
4372,"1"
4376,"0"
4384,"0"
4387,"0"
4389,"0"
4390,"0"
4406,"0"
4407,"1"
4409,"0"
4410,"1"
4424,"0"
4434,"0"
4452,"1"
4460,"1"
4470,"1"
4480,"1"
4496,"0"
4503,"0"
4512,"1"
4518,"0"
4519,"0"
4522,"0"
4525,"0"
4537,"0"
4546,"0"
4547,"0"
4553,"1"
4556,"0"
4558,"0"
4563,"0"
4568,"1"
4574,"1"
4578,"0"
4587,"0"
4592,"0"
4610,"0"
4615,"1"
4619,"0"
4620,"1"
4625,"0"
4635,"0"
4636,"0"
4641,"1"
4650,"0"
4653,"1"
4665,"1"
4668,"1"
4669,"1"
4670,"0"
4674,"1"
4675,"1"
4676,"1"
4679,"1"
4680,"1"
4686,"1"
4699,"1"
4713,"1"
4718,"0"
4721,"0"
4722,"0"
4724,"0"
4730,"0"
4731,"1"
4735,"0"
4743,"0"
4745,"1"
4746,"0"
4747,"0"
4748,"0"
4769,"1"
4771,"0"
4774,"0"
4784,"0"
4797,"0"
4801,"0"
4804,"0"
4820,"1"
4833,"0"
4834,"1"
4851,"1"
4859,"0"
4860,"0"
4863,"0"
4873,"0"
4881,"0"
4892,"0"
4908,"1"
4911,"0"
4915,"0"
4922,"0"
4929,"1"
4936,"0"
4939,"0"
4951,"0"
4956,"0"
4961,"1"
4964,"1"
4981,"0"
4991,"1"
4992,"0"
4997,"0"
5004,"1"
5010,"0"
5012,"0"
5015,"0"
5020,"0"
5030,"0"
5051,"1"
5052,"1"
5057,"1"
5058,"0"
5060,"0"
5061,"1"
5064,"0"
5078,"0"
5080,"1"
5088,"1"
5089,"1"
5090,"0"
5103,"0"
5108,"1"
5114,"0"
5115,"0"
5124,"1"
5137,"1"
5139,"0"
5144,"0"
5149,"1"
5157,"0"
5163,"0"
5174,"0"
5176,"1"
5179,"0"
5186,"1"
5203,"0"
5204,"0"
5206,"0"
5207,"1"
5220,"1"
5221,"1"
5224,"1"
5227,"0"
5229,"1"
5232,"0"
5240,"1"
5242,"0"
5243,"0"
5245,"1"
5248,"1"
5249,"1"
5254,"0"
5269,"0"
5272,"0"
5276,"1"
5286,"0"
5290,"1"
5308,"0"
5316,"0"
5318,"1"
5319,"1"
5320,"0"
5322,"0"
5324,"0"
5331,"0"
5336,"1"
5344,"1"
5354,"1"
5356,"0"
5358,"1"
5361,"0"
5365,"1"
5370,"1"
5376,"0"
5383,"1"
5384,"1"
5385,"0"
5393,"1"
5397,"1"
5398,"0"
5402,"1"
5407,"0"
5409,"0"
5425,"0"
5428,"0"
5430,"0"
5442,"1"
5447,"1"
5470,"1"
5485,"1"
5493,"0"
5502,"0"
5504,"0"
5517,"0"
5522,"0"
5527,"1"
5528,"0"
5536,"0"
5545,"0"
5576,"0"
5577,"0"
5592,"1"
5594,"0"
5595,"0"
5596,"0"
5599,"0"
5606,"0"
5617,"0"
5625,"0"
5626,"0"
5627,"0"
5642,"1"
5659,"1"
5664,"1"
5666,"1"
5671,"0"
5674,"0"
5677,"1"
5681,"0"
5683,"0"
5700,"1"
5713,"1"
5715,"0"
5718,"1"
5726,"1"
5738,"0"
5741,"0"
5743,"0"
5753,"1"
5761,"0"
5789,"0"
5797,"0"
5803,"0"
5810,"1"
5813,"0"
5817,"0"
5818,"0"
5822,"0"
5829,"0"
5846,"1"
5847,"0"
5854,"0"
5858,"0"
5863,"0"
5869,"1"
5870,"1"
5876,"0"
5881,"0"
5901,"0"
5922,"0"
5928,"0"
5933,"1"
5934,"0"
5946,"1"
5951,"0"
5955,"0"
5956,"1"
5965,"0"
5972,"0"
5981,"0"
5997,"1"
6005,"0"
6009,"0"
6010,"0"
6015,"1"
6039,"1"
6047,"1"
6051,"0"
6056,"0"
6061,"0"
6064,"0"
6065,"0"
6070,"0"
6085,"1"
6086,"0"
6091,"1"
6097,"1"
6099,"1"
6104,"1"
6108,"0"
6109,"1"
6124,"0"
6142,"1"
6144,"0"
6150,"1"
6154,"1"
6155,"0"
6156,"1"
6158,"1"
6159,"1"
6169,"1"
6170,"0"
6179,"0"
6184,"1"
6186,"0"
6204,"0"
6230,"1"
6231,"0"
6232,"1"
6235,"1"
6237,"0"
6239,"1"
6263,"0"
6265,"0"
6270,"0"
6271,"0"
6278,"1"
6279,"1"
6288,"0"
6294,"0"
6295,"1"
6302,"0"
6306,"0"
6322,"1"
6324,"0"
6327,"0"
6331,"1"
6334,"1"
6338,"1"
6339,"0"
6362,"0"
6372,"1"
6375,"0"
6393,"0"
6394,"1"
6405,"1"
6406,"0"
6416,"1"
6421,"1"
6422,"0"
6440,"1"
6457,"1"
6460,"0"
6463,"0"
6474,"1"
6476,"0"
6477,"0"
6482,"1"
6488,"1"
6489,"0"
6494,"0"
6499,"1"
6507,"0"
6524,"1"
6527,"0"
6531,"1"
6536,"1"
6538,"0"
6542,"0"
6565,"0"
6584,"0"
6588,"0"
6597,"0"
6603,"0"
6609,"0"
6613,"0"
6622,"1"
6630,"0"
6637,"0"
6639,"0"
6640,"0"
6646,"1"
6647,"0"
6648,"1"
6669,"0"
6680,"1"
6681,"0"
6684,"0"
6693,"0"
6694,"0"
6704,"1"
6706,"1"
6710,"1"
6713,"0"
6718,"0"
6732,"0"
6737,"1"
6739,"0"
6742,"0"
6746,"1"
6753,"1"
6771,"1"
6784,"1"
6790,"0"
6795,"0"
6807,"1"
6808,"0"
6818,"0"
6823,"1"
6830,"1"
6831,"0"
6832,"1"
6836,"0"
6846,"1"
6850,"0"
6854,"1"
6868,"0"
6876,"0"
6877,"0"
6881,"0"
6882,"1"
6884,"0"
6886,"0"
6901,"0"
6910,"1"
6913,"0"
6914,"0"
6918,"1"
6930,"1"
6941,"0"
6944,"0"
6945,"0"
6947,"1"
6949,"1"
6952,"1"
6963,"0"
6964,"1"
6972,"1"
6979,"1"
6981,"0"
6988,"1"
6990,"0"
6998,"1"
7004,"0"
7016,"1"
7027,"0"
7042,"0"
7056,"0"
7061,"1"
7069,"0"
7071,"0"
7088,"1"
7099,"1"
7108,"0"
7121,"0"
7125,"1"
7136,"0"
7149,"1"
7150,"0"
7151,"1"
7167,"0"
7177,"1"
7178,"0"
7183,"1"
7186,"0"
7190,"0"
7201,"0"
7202,"0"
7207,"0"
7213,"0"
7224,"1"
7225,"0"
7233,"0"
7239,"0"
7246,"1"
7248,"1"
7261,"1"
7264,"0"
7266,"0"
7274,"0"
7279,"1"
7293,"1"
7315,"0"
7322,"0"
7326,"0"
7341,"0"
7363,"1"
7365,"0"
7371,"0"
7377,"1"
7393,"1"
7405,"1"
7410,"0"
7434,"1"
7438,"1"
7447,"0"
7450,"0"
7452,"1"
7453,"0"
7455,"0"
7456,"0"
7457,"0"
7466,"0"
7470,"1"
7474,"0"
7487,"0"
7488,"1"
7492,"1"
7496,"0"
7501,"1"
7505,"0"
7512,"0"
7526,"1"
7536,"0"
7538,"1"
7539,"0"
7544,"1"
7554,"1"
7564,"0"
7566,"0"
7580,"1"
7581,"0"
7584,"0"
7587,"0"
7589,"0"
7590,"0"
7594,"0"
7597,"0"
7602,"1"
7603,"0"
7605,"0"
7609,"0"
7613,"0"
7619,"1"
7625,"0"
7626,"1"
7636,"0"
7639,"1"
7641,"0"
7643,"1"
7644,"0"
7657,"1"
7661,"0"
7666,"1"
7673,"1"
7683,"1"
7685,"1"
7699,"1"
7704,"0"
7705,"0"
7708,"1"
7728,"1"
7733,"1"
7741,"1"
7743,"0"
7745,"0"
7754,"0"
7756,"1"
7757,"0"
7770,"1"
7773,"1"
7774,"0"
7776,"1"
7777,"0"
7778,"0"
7781,"1"
7784,"1"
7789,"0"
7794,"1"
7799,"1"
7801,"1"
7818,"0"
7823,"1"
7828,"0"
7832,"0"
7839,"0"
7851,"0"
7856,"0"
7868,"0"
7869,"0"
7872,"1"
7874,"1"
7878,"0"
7888,"0"
7913,"1"
7923,"0"
7925,"0"
7926,"0"
7938,"1"
7942,"1"
7945,"0"
7954,"1"
7963,"0"
7969,"0"
7970,"0"
7977,"1"
7981,"1"
7990,"0"
8020,"0"
8023,"0"
8025,"0"
8034,"0"
8039,"0"
8046,"0"
8051,"0"
8055,"0"
8060,"1"
8063,"0"
8073,"1"
8074,"1"
8076,"0"
8080,"1"
8088,"1"
8102,"1"
8103,"1"
8104,"1"
8105,"1"
8109,"0"
8115,"0"
8121,"1"
8126,"0"
8135,"0"
8153,"0"
8156,"1"
8160,"0"
8161,"0"
8162,"0"
8171,"0"
8181,"0"
8183,"0"
8185,"1"
8191,"0"
8203,"0"
8204,"1"
8207,"1"
8208,"0"
8209,"0"
8210,"1"
8225,"0"
8226,"0"
8231,"0"
8233,"0"
8244,"0"
8250,"0"
8261,"1"
8265,"0"
8278,"0"
8279,"1"
8280,"0"
8296,"0"
8299,"0"
8300,"0"
8301,"0"
8305,"1"
8327,"0"
8334,"0"
8349,"0"
8355,"0"
8361,"1"
8362,"0"
8364,"0"
8365,"1"
8375,"0"
8378,"1"
8380,"0"
8381,"0"
8387,"0"
8399,"1"
8402,"1"
8409,"0"
8433,"1"
8436,"1"
8442,"0"
8448,"0"
8464,"0"
8469,"0"
8474,"1"
8478,"0"
8482,"0"
8490,"0"
8510,"0"
8511,"1"
8527,"0"
8532,"0"
8533,"1"
8538,"0"
8541,"0"
8545,"1"
8553,"0"
8554,"0"
8555,"0"
8569,"1"
8586,"0"
8593,"0"
8600,"1"
8606,"0"
8607,"0"
8611,"0"
8613,"0"
8618,"1"
8630,"1"
8637,"0"
8650,"1"
8652,"0"
8661,"1"
8669,"0"
8673,"0"
8674,"0"
8678,"1"
8682,"1"
8688,"0"
8689,"1"
8695,"0"
8698,"0"
8703,"0"
8709,"0"
8716,"1"
8723,"1"
8737,"0"
8753,"1"
8773,"1"
8774,"0"
8778,"1"
8786,"0"
8794,"1"
8795,"0"
8800,"0"
8804,"1"
8808,"0"
8809,"1"
8817,"1"
8818,"1"
8825,"0"
8830,"1"
8833,"0"
8834,"0"
8836,"0"
8837,"1"
8844,"0"
8851,"1"
8861,"0"
8864,"0"
8865,"0"
8869,"1"
8873,"0"
8880,"0"
8884,"0"
8888,"0"
8889,"1"
8891,"1"
8893,"1"
8897,"1"
8905,"1"
8910,"1"
8918,"1"
8939,"1"
8940,"1"
8941,"1"
8944,"0"
8949,"1"
8950,"1"
8958,"1"
8967,"0"
8975,"0"
8979,"1"
8980,"0"
8991,"1"
8995,"0"
8996,"0"
8998,"1"
9000,"1"
9001,"1"
9002,"1"
9024,"0"
9026,"0"
9027,"0"
9034,"0"
9038,"0"
9050,"0"
9052,"0"
9054,"0"
9078,"1"
9097,"1"
9109,"0"
9112,"0"
9115,"0"
9125,"1"
9132,"0"
9136,"0"
9139,"0"
9140,"1"
9142,"0"
9143,"0"
9147,"0"
9159,"0"
9165,"1"
9172,"1"
9177,"1"
9179,"0"
9185,"0"
9196,"1"
9201,"0"
9209,"1"
9210,"0"
9212,"0"
9214,"1"
9240,"1"
9241,"1"
9244,"0"
9249,"1"
9250,"0"
9255,"0"
9258,"0"
9263,"0"
9266,"0"
9269,"0"
9272,"1"
9276,"1"
9290,"0"
9299,"0"
9303,"1"
9310,"0"
9311,"0"
9314,"1"
9315,"1"
9325,"1"
9328,"1"
9329,"1"
9332,"1"
9337,"1"
9353,"1"
9355,"0"
9356,"1"
9362,"1"
9364,"1"
9366,"1"
9387,"1"
9388,"1"
9396,"0"
9400,"1"
9406,"1"
9411,"0"
9416,"0"
9417,"1"
9423,"1"
9425,"1"
9426,"0"
9427,"1"
9429,"0"
9430,"1"
9434,"0"
9442,"1"
9458,"0"
9476,"0"
9481,"0"
9483,"1"
9484,"0"
9487,"1"
9488,"1"
9490,"0"
9502,"1"
9505,"0"
9509,"1"
9515,"1"
9516,"0"
9532,"0"
9539,"0"
9542,"0"
9549,"0"
9550,"0"
9553,"1"
9554,"0"
9561,"0"
9566,"0"
9571,"0"
9577,"0"
9584,"0"
9592,"1"
9596,"1"
9602,"0"
9603,"0"
9604,"1"
9608,"1"
9609,"0"
9613,"0"
9623,"0"
9630,"0"
9633,"1"
9648,"1"
9665,"1"
9668,"0"
9678,"0"
9679,"0"
9693,"1"
9718,"0"
9720,"1"
9744,"0"
9745,"0"
9746,"1"
9753,"0"
9758,"1"
9759,"1"
9763,"0"
9766,"0"
9767,"1"
9777,"0"
9781,"0"
9789,"0"
9790,"0"
9799,"1"
9802,"0"
9805,"0"
9807,"0"
9812,"0"
9818,"1"
9820,"0"
9822,"0"
9824,"1"
9834,"1"
9836,"0"
9847,"1"
9864,"1"
9869,"0"
9875,"0"
9880,"0"
9889,"1"
9894,"0"
9909,"1"
9915,"1"
9919,"1"
9920,"0"
9940,"0"
9946,"0"
9958,"0"
9959,"0"
9973,"0"
9976,"1"
9978,"1"
9982,"0"
9987,"0"
9988,"1"
9992,"0"
10000,"0"
10002,"1"
10005,"0"
10008,"1"
10009,"0"
10011,"0"
10021,"0"
10022,"1"
10053,"1"
10074,"0"
10076,"1"
10090,"1"
10092,"0"
10099,"0"
10102,"0"
10103,"0"
10106,"0"
10108,"1"
10113,"1"
10119,"0"
10122,"0"
10125,"1"
10140,"0"
10155,"0"
10159,"0"
10164,"0"
10175,"0"
10176,"1"
10178,"1"
10186,"1"
10200,"0"
10204,"1"
10206,"1"
10211,"0"
10212,"1"
10217,"1"
10220,"1"
10230,"0"
10234,"1"
10235,"1"
10239,"0"
10240,"0"
10242,"0"
10245,"1"
10246,"1"
10247,"0"
10250,"0"
10254,"1"
10257,"0"
10260,"0"
10261,"1"
10265,"0"
10273,"1"
10274,"0"
10277,"0"
10289,"0"
10290,"1"
10298,"1"
10301,"0"
10304,"1"
10305,"0"
10313,"0"
10320,"0"
10323,"0"
10328,"1"
10332,"1"
10336,"1"
10343,"0"
10348,"0"
10350,"0"
10351,"1"
10354,"0"
10372,"0"
10373,"0"
10380,"1"
10383,"0"
10396,"1"
10397,"1"
10399,"1"
10400,"1"
10401,"1"
10402,"0"
10403,"1"
10410,"1"
10412,"1"
10415,"0"
10424,"0"
10428,"0"
10432,"1"
10462,"1"
10477,"1"
10482,"0"
10484,"0"
10493,"0"
10495,"1"
10497,"0"
10516,"1"
10521,"0"
10522,"1"
10523,"0"
10528,"1"
10530,"0"
10532,"0"
10533,"0"
10543,"1"
10547,"0"
10552,"0"
10558,"0"
10571,"1"
10572,"1"
10574,"0"
10583,"1"
10600,"1"
10607,"0"
10608,"0"
10614,"0"
10630,"0"
10634,"1"
10635,"0"
10641,"1"
10643,"0"
10644,"1"
10648,"0"
10669,"0"
10675,"0"
10686,"1"
10704,"1"
10707,"0"
10722,"0"
10736,"1"
10764,"1"
10767,"1"
10776,"0"
10779,"1"
10781,"0"
10792,"1"
10797,"0"
10798,"0"
10801,"1"
10802,"1"
10805,"0"
10808,"0"
10810,"0"
10816,"0"
10817,"1"
10829,"1"
10843,"0"
10858,"1"
10866,"0"
10876,"0"
10887,"0"
10891,"0"
10896,"0"
10900,"0"
10905,"0"
10907,"0"
10917,"0"
10936,"1"
10947,"1"
10948,"1"
10951,"1"
10955,"0"
10969,"0"
10984,"1"
10987,"1"
10990,"1"
10992,"1"
10996,"0"
10997,"0"
10999,"1"
11000,"0"
11001,"1"
11010,"1"
11016,"1"
11018,"1"
11034,"1"
11039,"0"
11041,"0"
11047,"1"
11053,"1"
11055,"0"
11056,"1"
11065,"1"
11068,"0"
11070,"1"
11071,"1"
11072,"0"
11079,"1"
11091,"1"
11094,"1"
11112,"1"
11113,"1"
11128,"0"
11153,"0"
11154,"0"
11163,"0"
11179,"0"
11181,"0"
11206,"1"
11216,"0"
11221,"0"
11223,"1"
11228,"1"
11235,"1"
11237,"1"
11244,"1"
11256,"0"
11267,"1"
11272,"0"
11281,"1"
11285,"0"
11288,"1"
11291,"0"
11293,"1"
11297,"1"
11298,"1"
11299,"0"
11301,"0"
11309,"0"
11331,"0"
11332,"0"
11337,"0"
11343,"1"
11347,"0"
11348,"1"
11355,"1"
11368,"1"
11369,"0"
11371,"1"
11378,"1"
11384,"1"
11387,"0"
11393,"1"
11399,"0"
11412,"1"
11431,"0"
11432,"1"
11444,"1"
11450,"1"
11451,"0"
11476,"0"
11488,"0"
11495,"0"
11505,"0"
11508,"1"
11518,"1"
11522,"0"
11524,"1"
11533,"1"
11549,"0"
11551,"1"
11560,"0"
11563,"1"
11565,"1"
11567,"1"
11569,"0"
11598,"1"
11604,"1"
11611,"0"
11617,"1"
11626,"0"
11642,"0"
11643,"0"
11648,"1"
11651,"0"
11663,"0"
11666,"0"
11685,"0"
11686,"0"
11698,"0"
11708,"1"
11711,"0"
11718,"0"
11742,"0"
11761,"0"
11767,"1"
11768,"0"
11775,"0"
11779,"1"
11786,"1"
11790,"0"
11791,"0"
11796,"0"
11806,"0"
11810,"0"
11811,"0"
11814,"0"
11816,"0"
11820,"1"
11822,"1"
11829,"0"
11832,"1"
11834,"0"
11836,"0"
11837,"0"
11844,"1"
11847,"0"
11864,"1"
11865,"0"
11872,"0"
11873,"1"
11886,"0"
11894,"0"
11905,"1"
11906,"0"
11907,"0"
11912,"0"
11914,"1"
11918,"0"
11924,"0"
11929,"1"
11930,"0"
11936,"0"
11937,"1"
11954,"0"
11957,"0"
11964,"0"
11968,"1"
11972,"1"
11976,"1"
11979,"0"
11981,"1"
11983,"1"
11989,"0"
11991,"0"
11998,"0"
12003,"0"
12007,"1"
12011,"0"
12014,"0"
12024,"0"
12033,"1"
12034,"0"
12041,"1"
12046,"1"
12056,"1"
12064,"0"
12069,"0"
12070,"0"
12071,"0"
12072,"0"
12078,"0"
12091,"1"
12092,"0"
12094,"0"
12098,"1"
12103,"0"
12115,"0"
12118,"1"
12122,"0"
12125,"0"
12133,"0"
12137,"1"
12141,"0"
12143,"0"
12144,"1"
12154,"1"
12163,"0"
12170,"1"
12193,"0"
12196,"0"
12206,"0"
12209,"0"
12214,"1"
12228,"0"
12233,"0"
12238,"0"
12242,"1"
12245,"1"
12247,"1"
12251,"0"
12287,"0"
12292,"1"
12304,"1"
12317,"1"
12320,"1"
12323,"0"
12328,"0"
12333,"1"
12334,"0"
12335,"0"
12352,"1"
12358,"0"
12364,"0"
12376,"0"
12396,"1"
12402,"1"
12406,"1"
12408,"1"
12410,"1"
12413,"1"
12417,"0"
12424,"1"
12425,"0"
12426,"0"
12430,"0"
12432,"1"
12433,"0"
12451,"0"
12457,"0"
12465,"1"
12468,"0"
12474,"0"
12475,"1"
12486,"1"
12487,"0"
12514,"0"
12524,"1"
12526,"1"
12530,"0"
12532,"0"
12593,"0"
12599,"0"
12600,"0"
12603,"0"
12624,"1"
12630,"0"
12638,"1"
12641,"1"
12643,"1"
12656,"0"
12666,"1"
12673,"0"
12675,"1"
12678,"0"
12692,"0"
12693,"0"
12707,"1"
12711,"1"
12716,"1"
12717,"1"
12723,"1"
12738,"0"
12742,"0"
12746,"0"
12753,"1"
12758,"0"
12760,"1"
12763,"1"
12764,"0"
12768,"1"
12776,"0"
12777,"0"
12783,"1"
12804,"0"
12824,"0"
12839,"0"
12847,"0"
12850,"1"
12867,"1"
12883,"0"
12887,"0"
12890,"0"
12903,"1"
12906,"0"
12907,"0"
12909,"1"
12912,"0"
12915,"1"
12930,"1"
12931,"0"
12934,"0"
12951,"0"
12955,"1"
12973,"0"
12988,"0"
12999,"0"
13015,"0"
13026,"0"
13036,"0"
13039,"0"
13040,"1"
13041,"1"
13043,"0"
13057,"0"
13064,"0"
13068,"1"
13069,"0"
13073,"1"
13079,"1"
13086,"1"
13089,"0"
13093,"1"
13097,"0"
13098,"0"
13105,"0"
13107,"0"
13108,"0"
13110,"0"
13112,"0"
13114,"0"
13118,"0"
13127,"0"
13129,"0"
13142,"0"
13146,"1"
13149,"0"
13157,"1"
13158,"0"
13159,"0"
13161,"1"
13162,"0"
13166,"0"
13168,"0"
13170,"0"
13186,"0"
13191,"0"
13203,"0"
13209,"0"
13212,"0"
13213,"1"
13222,"0"
13229,"0"
13234,"1"
13257,"1"
13258,"1"
13268,"1"
13270,"1"
13291,"0"
13292,"0"
13299,"1"
13307,"0"
13309,"0"
13311,"1"
13312,"1"
13322,"1"
13324,"1"
13330,"0"
13338,"0"
13344,"0"
13348,"0"
13355,"0"
13365,"1"
13368,"1"
13370,"1"
13372,"1"
13377,"0"
13385,"0"
13389,"0"
13393,"1"
13395,"1"
13404,"1"
13411,"0"
13416,"0"
13434,"0"
13435,"1"
13445,"0"
13446,"0"
13451,"1"
13462,"0"
13464,"1"
13466,"0"
13471,"0"
13472,"0"
13477,"0"
13481,"0"
13484,"0"
13490,"0"
13492,"1"
13500,"0"
13508,"1"
13516,"0"
13525,"0"
13526,"1"
13530,"1"
13532,"1"
13538,"0"
13546,"1"
13548,"1"
13550,"0"
13551,"1"
13564,"0"
13566,"1"
13570,"0"
13580,"1"
13585,"0"
13588,"0"
13592,"1"
13594,"0"
13609,"1"
13610,"0"
13613,"0"
13625,"1"
13626,"0"
13639,"1"
13645,"0"
13647,"1"
13648,"0"
13652,"0"
13654,"1"
13664,"0"
13673,"1"
13684,"1"
13690,"0"
13693,"0"
13696,"1"
13700,"0"
13701,"0"
13707,"1"
13713,"0"
13714,"0"
13716,"0"
13720,"1"
13727,"0"
13733,"1"
13738,"0"
13757,"0"
13759,"1"
13761,"1"
13767,"0"
13782,"0"
13786,"0"
13787,"1"
13792,"0"
13795,"0"
13798,"0"
13807,"0"
13809,"0"
13811,"0"
13815,"0"
13817,"1"
13818,"1"
13822,"0"
13824,"0"
13829,"1"
13832,"1"
13840,"1"
13841,"1"
13868,"1"
13871,"1"
13880,"0"
13888,"0"
13890,"0"
13891,"0"
13895,"1"
13907,"0"
13910,"0"
13912,"0"
13913,"0"
13923,"0"
13929,"0"
13936,"0"
13946,"0"
13950,"0"
13951,"0"
13954,"0"
13958,"0"
13969,"0"
13980,"0"
13981,"0"
13986,"1"
13987,"1"
13989,"1"
13992,"0"
13994,"1"
14001,"0"
14002,"0"
14004,"0"
14006,"0"
14012,"0"
14021,"0"
14024,"0"
14045,"0"
14047,"0"
14057,"0"
14059,"0"
14060,"0"
14068,"0"
14070,"0"
14074,"0"
14076,"1"
14089,"1"
14115,"0"
14116,"1"
14128,"1"
14131,"0"
14134,"1"
14137,"1"
14138,"0"
14139,"1"
14152,"0"
14153,"1"
14155,"0"
14156,"0"
14164,"0"
14165,"1"
14171,"1"
14174,"0"
14181,"1"
14186,"1"
14192,"0"
14201,"0"
14210,"1"
14214,"1"
14231,"0"
14236,"0"
14241,"0"
14245,"1"
14249,"0"
14251,"1"
14262,"1"
14265,"0"
14267,"1"
14270,"1"
14276,"1"
14279,"0"
14281,"1"
14289,"1"
14290,"1"
14293,"0"
14295,"1"
14297,"1"
14298,"1"
14310,"0"
14312,"1"
14315,"1"
14318,"1"
14319,"0"
14325,"0"
14331,"0"
14334,"0"
14341,"1"
14343,"1"
14344,"0"
14346,"0"
14347,"1"
14349,"1"
14352,"0"
14358,"0"
14361,"0"
14363,"0"
14374,"0"
14376,"1"
14381,"0"
14398,"0"
14410,"1"
14412,"1"
14415,"0"
14423,"0"
14425,"0"
14436,"1"
14444,"0"
14455,"0"
14465,"0"
14469,"1"
14471,"1"
14475,"0"
14479,"1"
14480,"1"
14488,"1"
14491,"1"
14501,"1"
14520,"1"
14522,"0"
14523,"0"
14537,"1"
14538,"0"
14550,"1"
14561,"1"
14575,"0"
14586,"0"
14592,"1"
14601,"0"
14602,"0"
14604,"0"
14606,"0"
14627,"0"
14641,"0"
14652,"0"
14662,"1"
14665,"0"
14673,"0"
14675,"0"
14679,"0"
14683,"0"
14686,"1"
14705,"1"
14708,"1"
14709,"0"
14710,"0"
14715,"0"
14717,"0"
14723,"0"
14725,"0"
14727,"0"
14728,"0"
14735,"1"
14746,"0"
14752,"1"
14757,"1"
14762,"0"
14763,"0"
14797,"1"
14812,"0"
14818,"1"
14825,"0"
14827,"0"
14829,"0"
14830,"1"
14837,"1"
14849,"1"
14863,"0"
14869,"0"
14882,"0"
14884,"0"
14886,"0"
14888,"0"
14890,"1"
14904,"1"
14938,"1"
14952,"0"
14958,"0"
14963,"0"
14979,"0"
14980,"0"
14986,"0"
14988,"1"
15003,"1"
15006,"1"
15009,"1"
15015,"0"
15024,"0"
15030,"0"
15036,"1"
15038,"1"
15039,"0"
15047,"1"
15049,"1"
15056,"0"
15068,"0"
15070,"1"
15073,"1"
15081,"0"
15084,"0"
15088,"0"
15092,"0"
15095,"1"
15097,"0"
15098,"0"
15115,"0"
15120,"1"
15126,"1"
15133,"0"
15143,"0"
15156,"0"
15164,"0"
15178,"0"
15198,"1"
15200,"0"
15208,"0"
15214,"1"
15218,"1"
15231,"1"
15238,"1"
15239,"0"
15240,"0"
15249,"0"
15256,"0"
15260,"1"
15290,"0"
15307,"1"
15308,"0"
15321,"0"
15323,"0"
15325,"0"
15342,"1"
15346,"0"
15349,"0"
15354,"0"
15362,"0"
15379,"0"
15383,"1"
15394,"0"
15401,"0"
15405,"0"
15407,"0"
15412,"1"
15413,"0"
15415,"0"
15427,"0"
15430,"1"
15436,"1"
15439,"1"
15443,"0"
15444,"0"
15445,"1"
15450,"0"
15456,"0"
15465,"1"
15466,"1"
15470,"0"
15474,"0"
15476,"0"
15482,"0"
15492,"1"
15510,"0"
15519,"0"
15523,"0"
15535,"0"
15561,"1"
15564,"1"
15566,"1"
15579,"0"
15580,"0"
15581,"0"
15587,"1"
15589,"0"
15591,"0"
15597,"0"
15620,"1"
15627,"0"
15636,"0"
15653,"1"
15662,"1"
15664,"0"
15666,"1"
15667,"1"
15674,"0"
15692,"0"
15715,"0"
15736,"0"
15744,"0"
15746,"0"
15758,"1"
15760,"0"
15766,"0"
15767,"0"
15789,"0"
15810,"0"
15818,"0"
15820,"0"
15830,"0"
15844,"1"
15850,"0"
15857,"1"
15863,"1"
15869,"0"
15872,"0"
15873,"1"
15884,"0"
15885,"0"
15891,"0"
15898,"1"
15900,"0"
15932,"0"
15940,"0"
15944,"0"
15945,"0"
15963,"0"
15970,"0"
15977,"0"
15982,"0"
15985,"0"
15995,"1"
16004,"0"
16005,"1"
16011,"1"
16019,"1"
16021,"0"
16051,"1"
16065,"1"
16066,"0"
16076,"1"
16091,"1"
16094,"1"
16101,"1"
16104,"0"
16113,"1"
16114,"0"
16115,"0"
16127,"0"
16128,"0"
16138,"1"
16139,"1"
16142,"0"
16144,"1"
16148,"1"
16151,"0"
16156,"1"
16165,"0"
16166,"0"
16179,"1"
16193,"1"
16196,"0"
16198,"0"
16210,"1"
16232,"0"
16237,"1"
16240,"1"
16252,"1"
16259,"0"
16262,"1"
16263,"1"
16270,"1"
16272,"0"
16290,"0"
16295,"1"
16297,"0"
16299,"0"
16300,"0"
16302,"1"
16303,"0"
16305,"1"
16309,"1"
16312,"0"
16320,"1"
16326,"0"
16327,"0"
16338,"1"
16342,"0"
16346,"0"
16348,"0"
16355,"0"
16356,"0"
16378,"1"
16382,"0"
16391,"0"
16392,"0"
16395,"1"
16399,"0"
16403,"0"
16408,"0"
16413,"1"
16415,"1"
16417,"0"
16420,"0"
16431,"0"
16439,"0"
16444,"1"
16446,"0"
16451,"0"
16454,"1"
16461,"0"
16462,"1"
16469,"0"
16484,"1"
16486,"1"
16487,"0"
16491,"0"
16494,"0"
16507,"0"
16508,"0"
16519,"0"
16523,"0"
16526,"0"
16530,"1"
16532,"1"
16542,"0"
16550,"1"
16555,"0"
16558,"0"
16567,"0"
16576,"0"
16579,"1"
16595,"1"
16598,"0"
16600,"0"
16604,"1"
16605,"0"
16607,"1"
16610,"1"
16612,"1"
16617,"1"
16625,"1"
16632,"0"
16634,"1"
16650,"0"
16654,"1"
16655,"0"
16656,"0"
16657,"1"
16660,"0"
16662,"1"
16669,"0"
16675,"0"
16676,"1"
16678,"0"
16679,"1"
16693,"1"
16701,"1"
16715,"1"
16722,"0"
16724,"0"
16727,"0"
16735,"1"
16741,"0"
16752,"0"
16758,"0"
16765,"0"
16771,"0"
16785,"0"
16793,"1"
16800,"1"
16805,"0"
16809,"0"
16820,"1"
16827,"1"
16830,"0"
16843,"0"
16847,"1"
16855,"0"
16860,"0"
16862,"0"
16863,"0"
16872,"0"
16874,"0"
16876,"0"
16893,"1"
16895,"1"
16914,"0"
16917,"0"
16926,"0"
16930,"0"
16931,"0"
16932,"0"
16934,"1"
16937,"0"
16941,"0"
16942,"1"
16957,"0"
16962,"1"
16967,"0"
16968,"1"
16972,"1"
16974,"0"
16984,"1"
16987,"0"
16994,"0"
16995,"0"
16999,"0"
17034,"1"
17038,"0"
17040,"1"
17050,"1"
17068,"0"
17077,"0"
17079,"0"
17082,"0"
17085,"0"
17087,"1"
17099,"0"
17105,"0"
17108,"0"
17110,"1"
17111,"1"
17123,"1"
17124,"0"
17130,"0"
17138,"1"
17143,"1"
17157,"0"
17160,"1"
17166,"0"
17167,"0"
17179,"0"
17180,"0"
17189,"0"
17197,"0"
17219,"1"
17223,"0"
17225,"1"
17229,"0"
17234,"1"
17235,"0"
17239,"0"
17242,"0"
17243,"0"
17246,"1"
17247,"0"
17255,"0"
17258,"1"
17260,"1"
17264,"0"
17270,"0"
17271,"0"
17272,"0"
17285,"0"
17294,"0"
17297,"0"
17298,"0"
17299,"0"
17306,"0"
17324,"0"
17326,"0"
17330,"1"
17345,"0"
17351,"0"
17352,"0"
17372,"1"
17381,"0"
17385,"1"
17388,"0"
17390,"0"
17392,"0"
17399,"1"
17404,"0"
17407,"1"
17408,"1"
17416,"1"
17418,"0"
17434,"1"
17438,"0"
17443,"1"
17444,"0"
17453,"1"
17460,"1"
17467,"0"
17480,"0"
17488,"1"
17490,"0"
17493,"0"
17498,"0"
17503,"0"
17513,"0"
17520,"0"
17525,"0"
17534,"0"
17545,"1"
17553,"0"
17554,"0"
17557,"0"
17563,"0"
17576,"0"
17577,"0"
17580,"1"
17582,"0"
17596,"0"
17597,"0"
17602,"0"
17614,"0"
17623,"1"
17624,"0"
17627,"1"
17628,"0"
17630,"0"
17634,"1"
17640,"0"
17652,"0"
17657,"1"
17661,"0"
17662,"1"
17666,"1"
17682,"0"
17688,"0"
17693,"1"
17705,"0"
17711,"0"
17715,"0"
17717,"0"
17721,"0"
17728,"0"
17737,"0"
17745,"0"
17755,"0"
17764,"0"
17774,"1"
17785,"0"
17786,"0"
17789,"0"
17802,"0"
17810,"0"
17819,"1"
17825,"0"
17828,"0"
17833,"1"
17841,"0"
17842,"0"
17844,"0"
17849,"0"
17855,"0"
17857,"0"
17861,"0"
17863,"0"
17868,"0"
17876,"0"
17882,"0"
17885,"0"
17893,"1"
17894,"0"
17902,"0"
17906,"0"
17911,"1"
17917,"1"
17921,"0"
17941,"1"
17945,"1"
17949,"0"
17954,"0"
17957,"0"
17958,"1"
17960,"0"
17985,"1"
18000,"1"
18002,"0"
18008,"0"
18014,"1"
18015,"0"
18019,"1"
18021,"0"
18026,"1"
18029,"0"
18034,"1"
18035,"1"
18036,"1"
18039,"1"
18066,"0"
18076,"0"
18089,"0"
18104,"0"
18110,"0"
18129,"0"
18131,"0"
18133,"0"
18136,"0"
18148,"0"
18152,"0"
18167,"0"
18177,"1"
18178,"1"
18183,"0"
18194,"1"
18197,"1"
18213,"0"
18214,"1"
18221,"0"
18227,"0"
18239,"1"
18245,"1"
18266,"0"
18267,"1"
18274,"0"
18283,"0"
18297,"1"
18302,"1"
18303,"1"
18315,"0"
18324,"0"
18326,"0"
18334,"1"
18336,"0"
18344,"0"
18346,"0"
18347,"0"
18350,"1"
18352,"1"
18364,"0"
18366,"0"
18373,"0"
18391,"0"
18393,"0"
18395,"0"
18400,"1"
18408,"0"
18421,"1"
18425,"1"
18443,"0"
18451,"1"
18456,"1"
18458,"0"
18460,"0"
18467,"0"
18468,"1"
18475,"0"
18485,"1"
18494,"0"
18495,"1"
18508,"0"
18530,"0"
18533,"0"
18547,"1"
18548,"0"
18553,"0"
18561,"0"
18565,"1"
18572,"0"
18593,"0"
18600,"0"
18621,"0"
18629,"1"
18637,"1"
18649,"1"
18653,"0"
18660,"1"
18671,"0"
18672,"0"
18677,"0"
18681,"1"
18684,"1"
18686,"1"
18689,"0"
18690,"0"
18709,"0"
18716,"1"
18723,"1"
18773,"0"
18782,"0"
18797,"0"
18810,"1"
18817,"0"
18820,"1"
18825,"0"
18837,"0"
18850,"0"
18857,"0"
18861,"0"
18867,"1"
18870,"1"
18877,"0"
18887,"0"
18898,"0"
18900,"1"
18914,"1"
18921,"1"
18922,"1"
18945,"0"
18947,"0"
18953,"0"
18954,"0"
18957,"1"
18960,"0"
18973,"0"
18983,"1"
18990,"0"
18991,"0"
18993,"1"
18995,"0"
18996,"0"
19003,"0"
19014,"1"
19015,"0"
19019,"0"
19028,"1"
19038,"1"
19040,"1"
19046,"0"
19051,"1"
19054,"1"
19056,"0"
19074,"0"
19085,"0"
19099,"0"
19124,"0"
19134,"0"
19141,"0"
19146,"1"
19150,"0"
19170,"0"
19176,"1"
19187,"1"
19189,"0"
19202,"0"
19208,"0"
19209,"1"
19210,"1"
19216,"0"
19217,"0"
19218,"0"
19223,"0"
19240,"0"
19246,"1"
19269,"1"
19275,"1"
19287,"0"
19298,"0"
19303,"1"
19313,"0"
19325,"0"
19326,"1"
19328,"0"
19330,"1"
19340,"0"
19342,"1"
19343,"0"
19344,"0"
19363,"1"
19364,"1"
19371,"0"
19376,"1"
19377,"1"
19381,"0"
19384,"0"
19390,"1"
19402,"0"
19405,"0"
19409,"0"
19418,"0"
19429,"0"
19446,"0"
19458,"1"
19460,"1"
19462,"1"
19465,"0"
19472,"1"
19480,"1"
19503,"0"
19507,"0"
19517,"0"
19533,"1"
19537,"1"
19541,"0"
19563,"1"
19566,"1"
19568,"0"
19576,"0"
19591,"0"
19597,"1"
19619,"0"
19622,"1"
19623,"0"
19624,"0"
19627,"0"
19629,"1"
19633,"0"
19639,"0"
19641,"1"
19643,"1"
19649,"0"
19652,"1"
19657,"0"
19660,"0"
19668,"1"
19678,"0"
19686,"1"
19690,"0"
19694,"0"
19695,"0"
19702,"1"
19712,"1"
19720,"1"
19735,"0"
19739,"0"
19740,"0"
19743,"0"
19750,"0"
19752,"0"
19754,"0"
19762,"1"
19770,"0"
19775,"1"
19777,"1"
19782,"0"
19783,"1"
19786,"0"
19805,"1"
19808,"0"
19819,"0"
19821,"0"
19827,"0"
19830,"1"
19832,"1"
19833,"0"
19834,"1"
19843,"1"
19844,"0"
19846,"0"
19847,"0"
19850,"1"
19851,"0"
19861,"0"
19873,"0"
19878,"0"
19886,"0"
19892,"0"
19901,"1"
19902,"1"
19920,"1"
19921,"1"
19922,"0"
19929,"1"
19932,"0"
19935,"0"
19936,"1"
19946,"0"
19950,"1"
19952,"0"
19955,"1"
19976,"1"
19983,"0"
19987,"0"
19991,"0"
19996,"1"
20007,"1"
20015,"0"
20019,"0"
20023,"1"
20034,"0"
20036,"0"
20038,"1"
20039,"1"
20040,"0"
20045,"1"
20046,"0"
20048,"1"
20060,"0"
20068,"0"
20074,"1"
20111,"0"
20117,"0"
20125,"0"
20129,"0"
20134,"0"
20135,"0"
20139,"0"
20142,"0"
20147,"0"
20154,"1"
20157,"0"
20169,"0"
20179,"1"
20202,"1"
20207,"0"
20215,"0"
20216,"1"
20217,"1"
20218,"0"
20219,"1"
20226,"0"
20236,"0"
20239,"0"
20246,"0"
20247,"1"
20253,"0"
20255,"0"
20268,"0"
20270,"1"
20271,"0"
20279,"1"
20282,"1"
20295,"0"
20302,"0"
20305,"0"
20306,"0"
20308,"0"
20330,"0"
20335,"1"
20344,"0"
20349,"1"
20360,"1"
20362,"1"
20378,"1"
20394,"0"
20397,"1"
20403,"0"
20405,"0"
20415,"0"
20417,"0"
20420,"1"
20425,"1"
20430,"1"
20435,"0"
20443,"0"
20446,"0"
20458,"0"
20459,"0"
20467,"1"
20470,"1"
20482,"1"
20489,"1"
20495,"0"
20496,"0"
20497,"0"
20505,"1"
20509,"1"
20535,"0"
20539,"1"
20544,"0"
20547,"0"
20556,"0"
20557,"0"
20575,"0"
20577,"1"
20596,"0"
20597,"1"
20602,"0"
20603,"0"
20609,"1"
20618,"0"
20621,"1"
20628,"0"
20634,"1"
20637,"1"
20641,"0"
20642,"0"
20647,"1"
20655,"0"
20656,"0"
20661,"0"
20664,"0"
20674,"1"
20679,"0"
20680,"0"
20683,"1"
20687,"1"
20688,"0"
20695,"1"
20696,"0"
20699,"0"
20701,"1"
20702,"0"
20704,"0"
20721,"0"
20725,"0"
20731,"0"
20741,"1"
20742,"0"
20753,"1"
20756,"0"
20769,"1"
20771,"1"
20774,"0"
20777,"1"
20781,"0"
20797,"0"
20808,"1"
20810,"0"
20820,"1"
20823,"1"
20829,"0"
20832,"0"
20833,"0"
20837,"0"
20838,"1"
20839,"1"
20847,"0"
20861,"0"
20869,"1"
20875,"0"
20877,"1"
20889,"0"
20894,"1"
20901,"0"
20919,"0"
20923,"0"
20935,"1"
20937,"1"
20939,"0"
20940,"0"
20943,"0"
20946,"0"
20950,"1"
20961,"1"
20965,"1"
20967,"1"
20969,"0"
20970,"0"
20975,"0"
20987,"1"
20995,"0"
20998,"1"
21002,"0"
21012,"1"
21013,"1"
21015,"1"
21017,"0"
21020,"1"
21028,"0"
21031,"0"
21036,"1"
21040,"1"
21048,"1"
21049,"0"
21051,"0"
21070,"0"
21072,"0"
21079,"1"
21090,"0"
21093,"1"
21104,"0"
21114,"0"
21117,"0"
21120,"0"
21121,"0"
21132,"0"
21136,"0"
21139,"0"
21140,"0"
21146,"1"
21150,"0"
21178,"1"
21180,"0"
21198,"1"
21203,"0"
21210,"0"
21218,"0"
21220,"1"
21222,"0"
21228,"1"
21236,"0"
21239,"0"
21260,"0"
21267,"0"
21271,"1"
21279,"1"
21286,"1"
21288,"0"
21294,"0"
21298,"0"
21299,"1"
21300,"1"
21304,"1"
21307,"0"
21309,"0"
21311,"1"
21331,"0"
21332,"1"
21342,"1"
21345,"1"
21348,"1"
21353,"0"
21357,"1"
21369,"0"
21370,"0"
21371,"0"
21373,"0"
21385,"0"
21392,"0"
21401,"1"
21403,"0"
21406,"0"
21413,"1"
21414,"0"
21416,"1"
21423,"0"
21442,"1"
21443,"1"
21448,"1"
21459,"1"
21467,"0"
21474,"1"
21484,"0"
21488,"0"
21495,"0"
21498,"1"
21502,"0"
21503,"0"
21510,"1"
21516,"1"
21533,"1"
21535,"1"
21539,"1"
21541,"0"
21544,"0"
21554,"0"
21569,"0"
21572,"1"
21578,"0"
21580,"1"
21584,"0"
21589,"1"
21595,"0"
21598,"1"
21599,"0"
21606,"0"
21623,"0"
21639,"0"
21641,"0"
21645,"0"
21647,"1"
21648,"0"
21657,"1"
21671,"1"
21673,"0"
21678,"0"
21696,"1"
21699,"1"
21700,"1"
21703,"1"
21710,"1"
21721,"1"
21727,"0"
21728,"0"
21731,"1"
21741,"1"
21744,"0"
21748,"0"
21753,"1"
21756,"0"
21763,"1"
21767,"1"
21772,"1"
21774,"0"
21775,"1"
21780,"1"
21787,"0"
21805,"0"
21828,"0"
21831,"1"
21837,"0"
21842,"0"
21849,"0"
21856,"0"
21858,"1"
21862,"0"
21864,"0"
21867,"0"
21879,"1"
21881,"0"
21883,"0"
21891,"0"
21892,"0"
21902,"0"
21909,"0"
21914,"0"
21918,"1"
21919,"0"
21926,"0"
21930,"0"
21934,"0"
21940,"0"
21945,"1"
21948,"1"
21953,"1"
21954,"0"
21956,"1"
21963,"1"
21970,"0"
21984,"0"
21997,"1"
21999,"0"
22001,"0"
22002,"1"
22010,"0"
22013,"0"
22022,"0"
22024,"0"
22028,"0"
22029,"1"
22045,"0"
22049,"1"
22064,"0"
22069,"0"
22074,"0"
22082,"1"
22084,"0"
22090,"1"
22096,"0"
22100,"0"
22105,"1"
22119,"0"
22130,"0"
22152,"1"
22155,"0"
22164,"0"
22173,"0"
22194,"0"
22209,"0"
22217,"0"
22220,"0"
22222,"1"
22244,"0"
22245,"1"
22250,"1"
22256,"1"
22261,"0"
22264,"0"
22270,"0"
22279,"0"
22280,"1"
22284,"0"
22288,"1"
22293,"0"
22297,"0"
22307,"1"
22310,"1"
22319,"1"
22324,"0"
22326,"1"
22327,"0"
22329,"0"
22331,"0"
22340,"1"
22342,"1"
22347,"1"
22351,"1"
22357,"0"
22361,"1"
22371,"0"
22373,"0"
22391,"0"
22404,"1"
22409,"1"
22411,"1"
22428,"0"
22436,"1"
22444,"0"
22445,"0"
22451,"1"
22463,"0"
22464,"0"
22467,"1"
22472,"0"
22485,"0"
22497,"0"
22504,"1"
22508,"0"
22516,"1"
22522,"0"
22527,"0"
22543,"0"
22549,"0"
22551,"1"
22557,"0"
22562,"0"
22567,"0"
22572,"1"
22575,"0"
22578,"1"
22579,"0"
22580,"1"
22581,"0"
22591,"0"
22593,"0"
22597,"0"
22600,"1"
22602,"0"
22603,"0"
22616,"0"
22617,"0"
22622,"0"
22623,"0"
22624,"1"
22628,"0"
22640,"0"
22641,"1"
22653,"0"
22660,"1"
22672,"0"
22674,"1"
22689,"0"
22698,"0"
22705,"0"
22709,"1"
22711,"1"
22714,"0"
22715,"0"
22729,"0"
22730,"0"
22733,"0"
22750,"1"
22754,"1"
22756,"1"
22758,"0"
22767,"1"
22768,"0"
22769,"1"
22776,"0"
22778,"0"
22780,"0"
22789,"1"
22797,"1"
22799,"0"
22814,"0"
22818,"0"
22821,"1"
22823,"1"
22841,"0"
22847,"0"
22848,"0"
22862,"0"
22875,"0"
22877,"0"
22887,"0"
22892,"0"
22899,"0"
22901,"1"
22907,"1"
22909,"1"
22926,"0"
22927,"1"
22930,"1"
22934,"0"
22937,"0"
22939,"0"
22949,"1"
22951,"1"
22955,"0"
22965,"1"
22966,"1"
22968,"1"
22972,"0"
22975,"1"
22981,"0"
22988,"0"
22994,"1"
22996,"1"
23011,"1"
23028,"1"
23031,"1"
23035,"0"
23038,"0"
23042,"1"
23049,"1"
23051,"1"
23053,"0"
23057,"1"
23058,"1"
23063,"1"
23064,"0"
23067,"0"
23071,"0"
23075,"0"
23077,"1"
23090,"0"
23094,"1"
23097,"0"
23103,"0"
23107,"1"
23117,"1"
23122,"0"
23124,"0"
23126,"1"
23129,"1"
23136,"0"
23141,"0"
23142,"0"
23147,"1"
23154,"0"
23159,"0"
23165,"1"
23171,"1"
23173,"0"
23175,"0"
23179,"1"
23182,"1"
23185,"0"
23188,"1"
23189,"0"
23209,"0"
23214,"1"
23215,"0"
23233,"1"
23241,"0"
23252,"0"
23255,"0"
23263,"0"
23281,"1"
23282,"0"
23289,"0"
23292,"1"
23296,"0"
23297,"1"
23301,"0"
23302,"0"
23304,"1"
23309,"0"
23312,"0"
23316,"1"
23321,"1"
23342,"0"
23344,"1"
23350,"0"
23367,"1"
23368,"0"
23374,"0"
23387,"1"
23389,"1"
23399,"1"
23403,"1"
23406,"1"
23414,"0"
23415,"0"
23419,"0"
23436,"0"
23439,"1"
23444,"1"
23445,"0"
23455,"0"
23469,"0"
23472,"0"
23477,"0"
23478,"1"
23479,"0"
23487,"1"
23490,"0"
23491,"0"
23492,"1"
23494,"0"
23496,"0"
23497,"0"
23506,"0"
23515,"0"
23528,"0"
23532,"0"
23549,"0"
23551,"0"
23552,"0"
23555,"0"
23556,"0"
23564,"0"
23583,"0"
23592,"1"
23597,"0"
23601,"0"
23605,"1"
23615,"1"
23619,"0"
23621,"0"
23626,"1"
23635,"1"
23637,"0"
23640,"0"
23646,"1"
23655,"0"
23672,"0"
23673,"0"
23682,"0"
23683,"1"
23699,"1"
23704,"1"
23707,"0"
23713,"1"
23714,"0"
23716,"1"
23718,"1"
23721,"0"
23735,"0"
23737,"1"
23744,"0"
23749,"1"
23755,"0"
23769,"0"
23772,"1"
23773,"0"
23774,"1"
23779,"0"
23782,"1"
23793,"1"
23803,"1"
23828,"1"
23833,"1"
23834,"0"
23844,"0"
23845,"1"
23852,"0"
23855,"1"
23867,"1"
23872,"1"
23874,"1"
23880,"0"
23886,"0"
23898,"1"
23900,"0"
23903,"0"
23907,"0"
23908,"1"
23912,"0"
23916,"1"
23917,"1"
23918,"1"
23922,"1"
23928,"0"
23940,"1"
23944,"0"
23945,"1"
23951,"0"
23966,"1"
23970,"1"
23971,"0"
23976,"1"
23980,"0"
23987,"1"
23988,"0"
23993,"0"
23997,"0"
23998,"1"
23999,"0"
24010,"0"
24015,"1"
24023,"0"
24033,"0"
24046,"1"
24060,"1"
24062,"0"
24065,"1"
24070,"1"
24071,"0"
24073,"0"
24079,"0"
24082,"1"
24084,"0"
24089,"1"
24094,"1"
24100,"0"
24105,"1"
24106,"0"
24108,"0"
24111,"1"
24120,"0"
24125,"0"
24134,"1"
24140,"0"
24151,"0"
24153,"1"
24154,"0"
24161,"0"
24166,"0"
24170,"1"
24176,"1"
24182,"1"
24188,"0"
24190,"0"
24201,"1"
24211,"1"
24215,"1"
24216,"1"
24219,"0"
24222,"1"
24240,"0"
24243,"0"
24245,"0"
24251,"0"
24256,"1"
24258,"0"
24261,"0"
24263,"1"
24264,"0"
24266,"0"
24273,"1"
24278,"1"
24289,"0"
24292,"0"
24293,"0"
24298,"1"
24299,"0"
24303,"1"
24304,"0"
24305,"1"
24329,"1"
24341,"1"
24345,"1"
24353,"1"
24358,"1"
24364,"1"
24367,"0"
24370,"0"
24377,"0"
24380,"0"
24381,"1"
24387,"1"
24391,"0"
24409,"1"
24413,"1"
24416,"0"
24427,"1"
24439,"0"
24443,"1"
24448,"0"
24454,"0"
24455,"0"
24461,"0"
24464,"0"
24468,"0"
24469,"0"
24501,"0"
24508,"0"
24519,"1"
24520,"0"
24538,"1"
24540,"0"
24550,"1"
24552,"0"
24561,"0"
24577,"1"
24579,"0"
24580,"1"
24582,"0"
24591,"1"
24592,"0"
24599,"0"
24602,"0"
24606,"0"
24617,"0"
24619,"1"
24630,"0"
24633,"1"
24634,"1"
24638,"0"
24641,"0"
24644,"0"
24645,"1"
24656,"1"
24661,"0"
24663,"1"
24667,"0"
24669,"0"
24682,"0"
24698,"0"
24699,"1"
24702,"0"
24703,"1"
24717,"0"
24724,"1"
24731,"0"
24737,"1"
24740,"1"
24743,"1"
24744,"1"
24755,"0"
24757,"0"
24765,"1"
24766,"0"
24776,"1"
24787,"1"
24789,"0"
24791,"0"
24792,"0"
24804,"0"
24812,"0"
24816,"1"
24817,"1"
24820,"1"
24828,"0"
24832,"0"
24836,"0"
24842,"1"
24846,"0"
24847,"0"
24848,"0"
24851,"0"
24855,"1"
24856,"1"
24871,"1"
24874,"0"
24877,"0"
24889,"1"
24897,"0"
24899,"1"
24908,"1"
24913,"1"
24923,"0"
24933,"1"
24971,"0"
24973,"0"
24993,"1"
24998,"1"
25000,"1"
25001,"1"
25002,"0"
25003,"1"
25009,"1"
25024,"1"
25026,"0"
25027,"1"
25034,"0"
25050,"0"
25057,"0"
25067,"0"
25075,"0"
25081,"1"
25085,"0"
25093,"1"
25097,"0"
25103,"0"
25104,"1"
25109,"1"
25112,"0"
25113,"1"
25114,"1"
25119,"1"
25121,"1"
25122,"0"
25124,"1"
25131,"0"
25134,"0"
25144,"0"
25147,"1"
25148,"1"
25149,"0"
25155,"1"
25169,"1"
25177,"0"
25178,"1"
25179,"1"
25180,"1"
25191,"0"
25199,"1"
25232,"0"
25241,"0"
25242,"1"
25243,"1"
25246,"0"
25259,"1"
25265,"0"
25278,"1"
25280,"0"
25284,"0"
25286,"1"
25288,"1"
25318,"0"
25330,"1"
25333,"1"
25339,"0"
25340,"1"
25346,"1"
25349,"1"
25351,"0"
25361,"1"
25366,"1"
25368,"1"
25369,"0"
25370,"1"
25375,"0"
25376,"1"
25377,"0"
25379,"1"
25382,"1"
25386,"1"
25389,"1"
25399,"1"
25400,"0"
25401,"0"
25407,"0"
25409,"0"
25412,"0"
25416,"0"
25418,"0"
25423,"1"
25436,"0"
25439,"0"
25442,"0"
25445,"1"
25446,"1"
25453,"1"
25456,"1"
25458,"1"
25460,"1"
25461,"0"
25468,"0"
25470,"0"
25471,"1"
25482,"0"
25501,"1"
25504,"1"
25515,"0"
25518,"0"
25528,"0"
25533,"0"
25543,"1"
25548,"0"
25564,"0"
25572,"1"
25576,"1"
25577,"0"
25587,"0"
25591,"0"
25596,"1"
25598,"1"
25617,"0"
25618,"0"
25620,"1"
25623,"0"
25626,"0"
25628,"0"
25633,"0"
25637,"0"
25644,"0"
25662,"0"
25663,"1"
25673,"1"
25678,"0"
25685,"1"
25691,"1"
25706,"1"
25707,"0"
25723,"0"
25725,"0"
25735,"1"
25740,"0"
25759,"1"
25761,"0"
25769,"0"
25774,"0"
25779,"0"
25781,"1"
25784,"0"
25790,"1"
25796,"0"
25816,"0"
25847,"0"
25850,"0"
25852,"0"
25856,"1"
25866,"1"
25867,"0"
25868,"0"
25869,"0"
25877,"1"
25878,"1"
25890,"1"
25898,"1"
25899,"0"
25906,"0"
25907,"0"
25915,"1"
25932,"1"
25939,"0"
25946,"1"
25951,"1"
25959,"0"
25961,"0"
25964,"1"
25969,"1"
25980,"1"
25986,"1"
25992,"0"
25998,"0"
26000,"1"
26006,"0"
26009,"1"
26016,"0"
26023,"1"
26038,"1"
26041,"0"
26050,"1"
26051,"1"
26057,"0"
26060,"0"
26062,"0"
26067,"0"
26068,"1"
26072,"0"
26074,"1"
26075,"1"
26081,"0"
26108,"1"
26112,"0"
26113,"0"
26115,"0"
26122,"0"
26139,"0"
26162,"1"
26165,"0"
26173,"1"
26177,"0"
26179,"0"
26184,"0"
26190,"1"
26204,"0"
26205,"0"
26212,"0"
26215,"1"
26227,"0"
26232,"1"
26237,"0"
26246,"1"
26248,"1"
26249,"0"
26260,"1"
26263,"0"
26267,"1"
26269,"0"
26271,"1"
26273,"1"
26286,"1"
26297,"1"
26309,"1"
26313,"1"
26319,"0"
26329,"0"
26330,"1"
26333,"1"
26361,"1"
26366,"1"
26376,"0"
26378,"1"
26382,"0"
26389,"0"
26391,"0"
26401,"0"
26415,"1"
26419,"0"
26421,"1"
26422,"1"
26423,"1"
26424,"0"
26441,"1"
26442,"1"
26446,"0"
26447,"0"
26448,"0"
26451,"0"
26459,"0"
26465,"0"
26476,"0"
26481,"1"
26487,"1"
26501,"0"
26513,"1"
26517,"1"
26527,"1"
26534,"1"
26535,"0"
26545,"1"
26550,"1"
26558,"0"
26571,"0"
26573,"1"
26575,"0"
26578,"1"
26583,"1"
26590,"1"
26593,"0"
26602,"0"
26606,"0"
26613,"1"
26615,"0"
26618,"1"
26628,"1"
26630,"1"
26635,"1"
26645,"0"
26648,"1"
26651,"1"
26660,"0"
26663,"0"
26664,"0"
26665,"0"
26673,"0"
26675,"0"
26676,"1"
26677,"0"
26679,"1"
26687,"1"
26689,"1"
26697,"1"
26737,"1"
26747,"1"
26748,"1"
26749,"1"
26754,"0"
26759,"0"
26760,"1"
26765,"1"
26769,"0"
26771,"0"
26776,"0"
26778,"0"
26780,"1"
26783,"0"
26785,"1"
26800,"1"
26804,"0"
26812,"0"
26816,"0"
26823,"1"
26834,"1"
26836,"0"
26841,"0"
26845,"1"
26849,"0"
26854,"1"
26858,"1"
26860,"0"
26866,"0"
26871,"0"
26873,"0"
26905,"1"
26907,"0"
26920,"1"
26924,"0"
26930,"1"
26942,"0"
26944,"1"
26949,"0"
26952,"1"
26956,"1"
26973,"0"
26977,"0"
26993,"0"
26997,"1"
26999,"1"
27021,"0"
27023,"0"
27025,"0"
27027,"1"
27032,"1"
27034,"0"
27036,"1"
27045,"0"
27050,"1"
27051,"0"
27055,"1"
27056,"1"
27060,"0"
27061,"1"
27066,"1"
27070,"0"
27073,"0"
27077,"1"
27085,"1"
27086,"0"
27099,"1"
27105,"1"
27109,"0"
27125,"0"
27135,"1"
27139,"0"
27140,"1"
27141,"0"
27142,"0"
27144,"0"
27148,"1"
27154,"1"
27162,"1"
27175,"0"
27176,"0"
27178,"1"
27197,"1"
27204,"0"
27205,"0"
27206,"0"
27207,"1"
27216,"0"
27230,"1"
27234,"1"
27241,"1"
27249,"1"
27251,"0"
27252,"1"
27256,"1"
27257,"0"
27263,"1"
27268,"0"
27269,"0"
27276,"0"
27279,"0"
27288,"1"
27295,"0"
27299,"0"
27302,"0"
27304,"0"
27316,"0"
27318,"0"
27330,"0"
27333,"0"
27335,"1"
27339,"0"
27341,"1"
27342,"0"
27345,"0"
27347,"0"
27354,"0"
27361,"1"
27375,"0"
27387,"0"
27390,"0"
27392,"0"
27399,"1"
27403,"0"
27410,"1"
27423,"0"
27429,"0"
27432,"0"
27436,"0"
27437,"0"
27441,"1"
27444,"0"
27445,"0"
27448,"1"
27454,"0"
27459,"0"
27465,"1"
27478,"1"
27479,"0"
27481,"1"
27483,"0"
27486,"0"
27498,"1"
27505,"0"
27507,"0"
27509,"0"
27514,"0"
27527,"0"
27535,"0"
27544,"1"
27545,"0"
27556,"0"
27563,"0"
27569,"0"
27585,"0"
27589,"1"
27605,"0"
27608,"1"
27609,"1"
27611,"0"
27621,"0"
27626,"1"
27629,"0"
27645,"1"
27651,"0"
27654,"0"
27656,"1"
27663,"0"
27673,"1"
27677,"0"
27678,"0"
27680,"0"
27681,"1"
27684,"1"
27688,"0"
27706,"1"
27709,"1"
27720,"1"
27722,"0"
27733,"0"
27734,"0"
27739,"0"
27746,"1"
27751,"1"
27755,"1"
27777,"0"
27783,"0"
27795,"0"
27805,"1"
27811,"0"
27815,"0"
27823,"0"
27856,"1"
27873,"0"
27883,"0"
27885,"1"
27887,"1"
27899,"1"
27921,"0"
27924,"0"
27927,"0"
27929,"0"
27932,"0"
27943,"0"
27945,"0"
27952,"0"
27957,"0"
27960,"1"
27966,"0"
27968,"1"
27980,"1"
27984,"1"
27994,"0"
27995,"1"
28002,"1"
28004,"0"
28006,"1"
28028,"0"
28042,"1"
28043,"1"
28055,"0"
28061,"1"
28063,"0"
28077,"0"
28090,"1"
28093,"0"
28095,"0"
28096,"1"
28098,"1"
28099,"0"
28111,"0"
28115,"0"
28123,"1"
28125,"0"
28126,"1"
28129,"1"
28131,"0"
28139,"1"
28146,"1"
28153,"0"
28155,"0"
28160,"0"
28166,"1"
28167,"0"
28176,"0"
28185,"0"
28187,"1"
28195,"0"
28203,"0"
28206,"0"
28209,"1"
28210,"0"
28211,"0"
28216,"0"
28234,"0"
28235,"1"
28248,"1"
28255,"1"
28266,"1"
28277,"0"
28286,"0"
28288,"0"
28289,"1"
28290,"0"
28296,"1"
28300,"0"
28306,"0"
28307,"0"
28309,"0"
28327,"0"
28336,"0"
28345,"0"
28355,"0"
28361,"0"
28362,"0"
28374,"0"
28380,"0"
28381,"1"
28393,"0"
28394,"1"
28405,"1"
28413,"0"
28426,"1"
28428,"0"
28429,"1"
28442,"0"
28445,"0"
28457,"1"
28459,"1"
28462,"0"
28478,"1"
28490,"1"
28492,"0"
28499,"0"
28500,"0"
28506,"0"
28509,"1"
28513,"0"
28516,"0"
28519,"1"
28526,"0"
28527,"0"
28528,"0"
28533,"1"
28547,"1"
28551,"0"
28563,"0"
28566,"1"
28568,"0"
28580,"0"
28589,"0"
28590,"1"
28606,"0"
28613,"0"
28615,"0"
28619,"0"
28629,"0"
28633,"0"
28635,"1"
28646,"1"
28648,"1"
28651,"0"
28660,"1"
28681,"1"
28693,"0"
28696,"0"
28703,"0"
28709,"0"
28712,"1"
28718,"1"
28719,"0"
28727,"1"
28730,"0"
28732,"1"
28740,"0"
28747,"1"
28752,"1"
28757,"0"
28764,"0"
28765,"0"
28770,"1"
28772,"0"
28783,"0"
28786,"0"
28796,"0"
28799,"1"
28806,"1"
28807,"1"
28815,"1"
28818,"0"
28823,"1"
28824,"0"
28831,"1"
28834,"0"
28841,"0"
28848,"1"
28882,"0"
28884,"1"
28904,"0"
28907,"1"
28919,"1"
28920,"0"
28928,"1"
28935,"0"
28936,"0"
28945,"0"
28950,"1"
28957,"1"
28963,"0"
28974,"0"
28980,"1"
28988,"0"
28999,"0"
29001,"0"
29004,"0"
29006,"0"
29012,"0"
29018,"1"
29027,"0"
29030,"0"
29032,"0"
29039,"0"
29043,"1"
29056,"0"
29064,"1"
29068,"0"
29069,"0"
29074,"0"
29076,"1"
29085,"0"
29088,"1"
29091,"0"
29092,"0"
29093,"0"
29094,"0"
29108,"0"
29114,"0"
29115,"1"
29118,"1"
29125,"0"
29127,"0"
29150,"0"
29152,"1"
29155,"0"
29165,"0"
29167,"1"
29174,"1"
29180,"0"
29185,"0"
29190,"0"
29192,"0"
29194,"1"
29220,"1"
29231,"1"
29237,"1"
29240,"0"
29247,"1"
29256,"1"
29275,"1"
29278,"0"
29280,"0"
29286,"0"
29288,"0"
29305,"0"
29327,"1"
29329,"0"
29333,"0"
29335,"0"
29342,"1"
29344,"1"
29353,"1"
29358,"0"
29373,"0"
29392,"0"
29393,"1"
29395,"1"
29403,"0"
29405,"0"
29410,"0"
29423,"0"
29427,"1"
29429,"1"
29432,"0"
29440,"1"
29447,"0"
29448,"0"
29452,"0"
29455,"0"
29461,"1"
29466,"1"
29474,"0"
29476,"0"
29486,"0"
29494,"1"
29497,"1"
29505,"0"
29511,"1"
29516,"1"
29522,"0"
29523,"1"
29524,"0"
29529,"0"
29533,"0"
29535,"0"
29548,"0"
29551,"0"
29563,"0"
29574,"0"
29575,"0"
29592,"0"
29599,"1"
29608,"0"
29613,"1"
29620,"1"
29630,"1"
29637,"0"
29638,"1"
29643,"0"
29648,"0"
29657,"1"
29659,"0"
29662,"0"
29665,"0"
29699,"1"
29706,"0"
29715,"0"
29716,"0"
29717,"0"
29721,"0"
29731,"1"
29735,"0"
29739,"0"
29742,"1"
29747,"1"
29749,"1"
29754,"1"
29773,"0"
29777,"1"
29779,"0"
29783,"0"
29786,"0"
29805,"1"
29811,"1"
29812,"1"
29815,"0"
29819,"1"
29833,"0"
29847,"1"
29854,"0"
29856,"1"
29859,"0"
29864,"0"
29865,"1"
29867,"0"
29885,"1"
29894,"0"
29900,"1"
29910,"0"
29928,"0"
29942,"1"
29951,"1"
29953,"1"
29962,"0"
29968,"1"
29974,"0"
29980,"1"
29987,"0"
29993,"0"
30001,"1"
30005,"1"
30015,"1"
30034,"1"
30041,"1"
30044,"0"
30058,"0"
30061,"1"
30064,"1"
30065,"0"
30069,"0"
30074,"0"
30076,"0"
30080,"1"
30086,"0"
30087,"1"
30092,"0"
30093,"1"
30096,"0"
30097,"1"
30098,"1"
30102,"1"
30106,"0"
30110,"0"
30111,"1"
30122,"1"
30128,"0"
30130,"1"
30131,"1"
30132,"0"
30135,"0"
30137,"1"
30157,"1"
30158,"0"
30162,"1"
30170,"0"
30174,"1"
30195,"1"
30196,"1"
30204,"1"
30207,"1"
30209,"0"
30212,"0"
30221,"1"
30225,"1"
30229,"0"
30231,"0"
30233,"0"
30237,"1"
30239,"1"
30242,"0"
30244,"0"
30249,"0"
30262,"1"
30286,"0"
30292,"0"
30303,"0"
30320,"0"
30322,"1"
30355,"0"
30356,"0"
30372,"1"
30375,"1"
30379,"0"
30384,"0"
30386,"0"
30394,"1"
30395,"0"
30396,"0"
30397,"1"
30402,"0"
30413,"0"
30416,"1"
30420,"1"
30422,"0"
30432,"1"
30434,"0"
30438,"0"
30444,"0"
30446,"0"
30455,"0"
30457,"0"
30459,"0"
30463,"1"
30468,"0"
30477,"0"
30478,"0"
30481,"0"
30482,"0"
30487,"1"
30491,"1"
30496,"1"
30501,"1"
30506,"0"
30511,"0"
30513,"1"
30516,"0"
30520,"0"
30531,"1"
30542,"0"
30555,"0"
30557,"0"
30568,"1"
30570,"1"
30584,"0"
30594,"1"
30614,"0"
30617,"1"
30618,"1"
30631,"1"
30632,"0"
30634,"0"
30636,"1"
30637,"0"
30639,"0"
30647,"0"
30649,"0"
30656,"1"
30660,"1"
30665,"0"
30669,"0"
30681,"1"
30683,"1"
30687,"0"
30694,"1"
